                  epoch,         train/box_loss,         train/cls_loss,         train/dfl_loss,   metrics/precision(B),      metrics/recall(B),       metrics/mAP50(B),    metrics/mAP50-95(B),           val/box_loss,           val/cls_loss,           val/dfl_loss,                 lr/pg0,                 lr/pg1,                 lr/pg2
                      1,                 1.7846,                  3.761,                 1.4908,                0.45192,                0.46072,                0.44795,                0.21705,                 1.6469,                 3.1539,                 1.4274,              0.0033238,              0.0033238,              0.0033238
                      2,                 1.6559,                 2.4829,                 1.3777,                 0.6284,                0.53706,                0.57901,                0.28744,                 1.6316,                 2.0995,                 1.4552,               0.006644,               0.006644,               0.006644
                      3,                 1.6748,                 2.0538,                  1.407,                0.57195,                0.48972,                0.50169,                0.24084,                 1.7124,                 2.0013,                 1.5081,              0.0099509,              0.0099509,              0.0099509
                      4,                 1.6858,                 1.8274,                 1.4348,                 0.6956,                0.54566,                0.62858,                0.30879,                 1.6719,                 1.7093,                 1.4957,              0.0099406,              0.0099406,              0.0099406
                      5,                   1.66,                 1.6529,                 1.4296,                0.67869,                0.62105,                0.66122,                0.33767,                  1.636,                 1.6056,                 1.4923,              0.0099406,              0.0099406,              0.0099406
                      6,                 1.6441,                  1.547,                 1.4182,                0.71858,                0.64057,                0.72329,                0.37579,                 1.6266,                 1.5289,                  1.466,              0.0099208,              0.0099208,              0.0099208
                      7,                  1.613,                 1.4535,                 1.3996,                0.76155,                0.71268,                0.77819,                0.41169,                 1.5863,                 1.2454,                 1.4346,               0.009901,               0.009901,               0.009901
                      8,                 1.6065,                 1.3826,                 1.3945,                0.77871,                0.66709,                0.75424,                0.40902,                 1.5774,                 1.3119,                 1.4397,              0.0098812,              0.0098812,              0.0098812
                      9,                  1.584,                  1.316,                 1.3791,                0.70404,                0.62678,                0.69554,                0.36718,                 1.6679,                 1.4708,                 1.4903,              0.0098614,              0.0098614,              0.0098614
                     10,                 1.5715,                 1.2928,                  1.368,                0.75419,                0.70836,                0.78555,                0.41935,                 1.5674,                 1.2202,                 1.4164,              0.0098416,              0.0098416,              0.0098416
                     11,                  1.565,                 1.2554,                 1.3622,                0.78512,                0.71936,                0.79696,                0.44894,                 1.5183,                 1.1361,                 1.3805,              0.0098218,              0.0098218,              0.0098218
                     12,                 1.5512,                 1.2144,                 1.3558,                0.80266,                 0.7354,                0.82141,                0.45308,                 1.5523,                 1.0838,                 1.3988,               0.009802,               0.009802,               0.009802
                     13,                 1.5457,                 1.1993,                 1.3541,                0.82098,                0.73948,                0.82662,                0.46226,                 1.5267,                 1.0528,                 1.3875,              0.0097822,              0.0097822,              0.0097822
                     14,                 1.5185,                 1.1437,                 1.3297,                0.80248,                0.75569,                0.83275,                0.45947,                 1.5394,                 1.0541,                 1.3901,              0.0097624,              0.0097624,              0.0097624
                     15,                 1.5104,                 1.1134,                 1.3233,                0.81893,                0.76266,                0.84103,                0.47298,                 1.5067,                 1.0282,                 1.3655,              0.0097426,              0.0097426,              0.0097426
                     16,                 1.5061,                 1.1077,                 1.3255,                0.84087,                0.74604,                 0.8435,                0.47038,                 1.5211,                 1.0079,                 1.3725,              0.0097228,              0.0097228,              0.0097228
                     17,                 1.5109,                 1.0968,                 1.3219,                0.82871,                0.77161,                0.85288,                0.47897,                 1.5103,                0.99104,                 1.3685,               0.009703,               0.009703,               0.009703
                     18,                 1.4894,                  1.084,                 1.3146,                0.84771,                0.76317,                0.85328,                 0.4807,                 1.5112,                0.97406,                 1.3615,              0.0096832,              0.0096832,              0.0096832
                     19,                 1.4877,                 1.0499,                 1.3068,                0.83294,                0.79195,                0.86176,                0.49511,                   1.48,                0.92304,                 1.3404,              0.0096634,              0.0096634,              0.0096634
                     20,                  1.484,                 1.0429,                 1.2985,                0.82354,                0.78963,                0.86279,                0.49034,                 1.4903,                0.93337,                 1.3476,              0.0096436,              0.0096436,              0.0096436
                     21,                 1.4882,                 1.0387,                 1.3118,                0.85725,                0.76743,                0.85629,                0.47897,                 1.5106,                0.94809,                 1.3547,              0.0096238,              0.0096238,              0.0096238
                     22,                 1.4692,                 1.0226,                 1.2952,                0.83871,                0.75076,                0.83725,                0.46501,                 1.5192,                 0.9917,                 1.3693,               0.009604,               0.009604,               0.009604
                     23,                 1.4711,                 1.0124,                 1.2965,                0.84804,                0.78026,                0.86157,                0.48859,                 1.4917,                0.94797,                 1.3665,              0.0095842,              0.0095842,              0.0095842
                     24,                 1.4523,                0.99118,                 1.2857,                0.84541,                0.78903,                0.86976,                0.49748,                 1.4766,                0.91449,                 1.3464,              0.0095644,              0.0095644,              0.0095644
                     25,                 1.4489,                0.99159,                 1.2882,                0.84167,                0.79882,                0.87353,                 0.5002,                 1.4694,                0.88507,                 1.3333,              0.0095446,              0.0095446,              0.0095446
                     26,                 1.4374,                0.96644,                 1.2709,                0.84438,                0.79528,                0.86857,                0.50054,                 1.4864,                0.89047,                 1.3359,              0.0095248,              0.0095248,              0.0095248
                     27,                 1.4392,                0.96197,                 1.2764,                0.85645,                0.79631,                0.87602,                0.50324,                 1.4836,                0.87257,                 1.3322,               0.009505,               0.009505,               0.009505
                     28,                 1.4228,                0.95094,                  1.267,                0.85986,                0.79858,                0.87916,                0.51242,                 1.4527,                0.85831,                 1.3222,              0.0094852,              0.0094852,              0.0094852
                     29,                 1.4246,                0.94637,                 1.2701,                 0.8398,                0.80763,                0.88445,                0.51111,                 1.4674,                0.85851,                 1.3264,              0.0094654,              0.0094654,              0.0094654
                     30,                 1.4196,                0.93311,                 1.2684,                0.85133,                 0.8057,                0.87632,                0.50963,                 1.4583,                0.87738,                 1.3174,              0.0094456,              0.0094456,              0.0094456
                     31,                 1.4213,                0.92746,                 1.2649,                0.85069,                0.80127,                0.87894,                0.50621,                  1.466,                0.84964,                 1.3269,              0.0094258,              0.0094258,              0.0094258
                     32,                 1.4128,                  0.929,                 1.2626,                0.85653,                0.81651,                0.88401,                0.51226,                 1.4501,                0.83994,                 1.3248,               0.009406,               0.009406,               0.009406
                     33,                 1.4069,                0.90059,                 1.2554,                0.86394,                 0.8176,                0.88673,                0.51963,                 1.4444,                0.83171,                 1.3209,              0.0093862,              0.0093862,              0.0093862
                     34,                 1.4045,                0.90549,                 1.2541,                0.86263,                0.82682,                0.89211,                0.52171,                 1.4497,                 0.8147,                  1.302,              0.0093664,              0.0093664,              0.0093664
                     35,                 1.4081,                0.90117,                 1.2563,                0.86654,                0.81779,                0.89685,                 0.5302,                 1.4333,                0.80326,                 1.3053,              0.0093466,              0.0093466,              0.0093466
                     36,                  1.397,                0.89163,                  1.243,                0.85269,                0.81814,                0.88789,                0.51939,                 1.4525,                0.82779,                 1.3199,              0.0093268,              0.0093268,              0.0093268
                     37,                 1.3856,                0.88537,                  1.244,                0.87598,                0.83007,                0.90178,                0.52944,                 1.4471,                0.78584,                 1.3147,               0.009307,               0.009307,               0.009307
                     38,                 1.3906,                0.87947,                 1.2445,                0.85455,                0.83253,                0.89323,                0.52093,                 1.4479,                0.80285,                 1.3095,              0.0092872,              0.0092872,              0.0092872
                     39,                 1.3821,                0.86371,                 1.2407,                0.84696,                0.83665,                0.89552,                0.52969,                 1.4248,                0.77932,                 1.3006,              0.0092674,              0.0092674,              0.0092674
                     40,                 1.3766,                0.87348,                 1.2381,                0.87512,                0.81733,                0.89564,                0.53069,                 1.4249,                0.77696,                 1.2855,              0.0092476,              0.0092476,              0.0092476
                     41,                 1.3653,                0.85281,                 1.2279,                0.86131,                 0.8326,                0.90304,                0.53203,                 1.4491,                0.78895,                 1.3099,              0.0092278,              0.0092278,              0.0092278
                     42,                 1.3613,                0.84325,                 1.2266,                0.87631,                0.83085,                0.90445,                0.53931,                 1.4244,                0.76251,                 1.2927,               0.009208,               0.009208,               0.009208
                     43,                 1.3677,                0.84773,                 1.2224,                0.87968,                 0.8234,                0.90091,                0.53038,                 1.4324,                0.76531,                 1.2974,              0.0091882,              0.0091882,              0.0091882
                     44,                 1.3621,                0.83662,                 1.2277,                0.86484,                 0.8344,                0.89657,                0.53066,                 1.4343,                0.76792,                  1.303,              0.0091684,              0.0091684,              0.0091684
                     45,                 1.3563,                0.83709,                 1.2263,                0.87011,                0.82667,                0.89691,                0.53174,                 1.4208,                 0.7563,                 1.2993,              0.0091486,              0.0091486,              0.0091486
                     46,                 1.3637,                0.84295,                 1.2316,                0.86341,                 0.8435,                0.89929,                 0.5335,                 1.4147,                0.74088,                 1.2854,              0.0091288,              0.0091288,              0.0091288
                     47,                 1.3459,                0.82637,                 1.2177,                0.86474,                0.83701,                0.89625,                0.53297,                 1.4179,                0.75454,                 1.3021,               0.009109,               0.009109,               0.009109
                     48,                 1.3378,                0.81745,                 1.2166,                0.88197,                0.82543,                0.90363,                0.53233,                 1.4348,                0.75276,                 1.3075,              0.0090892,              0.0090892,              0.0090892
                     49,                 1.3507,                0.82338,                 1.2222,                0.88593,                0.82178,                0.90468,                0.53608,                 1.4155,                0.75037,                  1.301,              0.0090694,              0.0090694,              0.0090694
                     50,                 1.3426,                 0.8224,                  1.219,                0.87333,                 0.8313,                0.90287,                0.54061,                 1.4194,                0.74241,                 1.2901,              0.0090496,              0.0090496,              0.0090496
                     51,                 1.3402,                0.80577,                 1.2131,                0.88087,                0.83289,                0.90244,                0.54139,                 1.4204,                0.74877,                 1.2935,              0.0090298,              0.0090298,              0.0090298
                     52,                 1.3383,                0.81076,                 1.2173,                0.86101,                0.85526,                0.90658,                0.54748,                 1.4075,                0.73235,                 1.2867,                0.00901,                0.00901,                0.00901
                     53,                 1.3384,                0.80564,                 1.2138,                0.85993,                0.85602,                0.90583,                0.54138,                 1.4078,                0.72886,                 1.2763,              0.0089902,              0.0089902,              0.0089902
                     54,                 1.3404,                0.80778,                 1.2148,                0.88381,                0.83764,                0.90486,                0.54155,                 1.4222,                0.73567,                 1.2873,              0.0089704,              0.0089704,              0.0089704
                     55,                 1.3229,                0.79387,                 1.2006,                0.87541,                0.82864,                0.90826,                0.54381,                   1.41,                0.73561,                  1.284,              0.0089506,              0.0089506,              0.0089506
                     56,                 1.3257,                0.78675,                 1.2052,                 0.8659,                0.83921,                0.90779,                0.55147,                 1.4026,                0.72064,                 1.2732,              0.0089308,              0.0089308,              0.0089308
                     57,                 1.3187,                0.78563,                 1.2085,                0.87669,                0.84055,                0.90645,                0.54869,                  1.397,                 0.7172,                 1.2781,               0.008911,               0.008911,               0.008911
                     58,                 1.3122,                0.78004,                 1.2027,                0.87477,                0.85063,                0.91007,                0.54698,                 1.4025,                0.71426,                 1.2849,              0.0088912,              0.0088912,              0.0088912
                     59,                 1.3183,                0.77879,                 1.2008,                0.86752,                0.84662,                0.91156,                0.55434,                 1.3926,                0.71518,                 1.2721,              0.0088714,              0.0088714,              0.0088714
                     60,                 1.3236,                0.77843,                 1.2048,                0.88737,                 0.8441,                0.90931,                0.55399,                 1.3885,                0.71236,                  1.273,              0.0088516,              0.0088516,              0.0088516
                     61,                 1.3192,                 0.7833,                 1.1999,                0.88377,                0.83942,                0.90944,                0.55016,                 1.3982,                0.71415,                 1.2759,              0.0088318,              0.0088318,              0.0088318
                     62,                 1.3054,                0.76833,                 1.1952,                0.88524,                0.84624,                0.91269,                0.55573,                 1.3839,                0.70814,                 1.2718,               0.008812,               0.008812,               0.008812
                     63,                 1.3131,                0.78045,                 1.2012,                0.87821,                0.85487,                0.91687,                0.55761,                 1.3819,                0.69936,                 1.2702,              0.0087922,              0.0087922,              0.0087922
                     64,                 1.3011,                 0.7654,                 1.1956,                0.88512,                0.84356,                0.91148,                0.55279,                 1.3924,                 0.7041,                 1.2743,              0.0087724,              0.0087724,              0.0087724
                     65,                 1.3012,                 0.7712,                 1.1923,                0.88645,                0.84879,                0.91422,                0.55379,                 1.3952,                0.70477,                 1.2796,              0.0087526,              0.0087526,              0.0087526
                     66,                 1.3034,                0.75881,                 1.1883,                 0.8789,                0.85023,                0.91469,                0.55757,                 1.3907,                0.68714,                 1.2732,              0.0087328,              0.0087328,              0.0087328
                     67,                 1.2926,                0.76094,                 1.1909,                0.89026,                0.84682,                0.92097,                0.56166,                  1.396,                0.68801,                 1.2754,               0.008713,               0.008713,               0.008713
                     68,                 1.2982,                0.74702,                 1.1888,                0.87732,                0.85324,                0.91624,                0.56002,                 1.3872,                0.68756,                 1.2698,              0.0086932,              0.0086932,              0.0086932
                     69,                 1.2932,                0.75172,                 1.1882,                0.88077,                0.85451,                0.91451,                0.55669,                 1.3974,                0.69182,                  1.272,              0.0086734,              0.0086734,              0.0086734
                     70,                 1.2852,                0.74243,                 1.1828,                0.89336,                0.84536,                0.91676,                0.55863,                 1.3891,                0.68903,                 1.2701,              0.0086536,              0.0086536,              0.0086536
                     71,                 1.2842,                0.74588,                 1.1784,                0.87606,                0.86373,                0.91974,                0.56273,                 1.3852,                0.68349,                 1.2688,              0.0086338,              0.0086338,              0.0086338
                     72,                  1.278,                0.74222,                 1.1795,                0.89263,                0.85122,                0.91819,                0.56234,                 1.3896,                0.67731,                  1.272,               0.008614,               0.008614,               0.008614
                     73,                 1.2839,                0.74504,                 1.1771,                0.88918,                0.84373,                0.91712,                0.56031,                 1.3907,                0.69134,                  1.272,              0.0085942,              0.0085942,              0.0085942
                     74,                 1.2823,                0.74531,                 1.1885,                0.88461,                0.85386,                0.91703,                0.55945,                 1.3882,                0.68623,                 1.2714,              0.0085744,              0.0085744,              0.0085744
                     75,                 1.2735,                0.73321,                 1.1768,                0.88719,                0.84933,                0.91949,                0.56386,                 1.3848,                 0.6807,                 1.2644,              0.0085546,              0.0085546,              0.0085546
                     76,                 1.2675,                0.72425,                 1.1722,                0.88703,                0.86235,                0.91728,                0.56126,                 1.3867,                0.67207,                 1.2718,              0.0085348,              0.0085348,              0.0085348
                     77,                 1.2672,                0.72719,                 1.1743,                 0.8886,                0.86804,                0.92258,                0.56517,                 1.3856,                0.66658,                  1.272,               0.008515,               0.008515,               0.008515
                     78,                 1.2753,                0.73848,                 1.1782,                0.88223,                0.85692,                0.92099,                0.56711,                 1.3737,                0.66634,                 1.2641,              0.0084952,              0.0084952,              0.0084952
                     79,                 1.2585,                0.72666,                 1.1696,                0.88865,                0.85114,                0.91809,                 0.5649,                 1.3774,                0.67969,                 1.2673,              0.0084754,              0.0084754,              0.0084754
                     80,                 1.2703,                0.73343,                 1.1766,                0.87647,                0.86211,                0.91838,                0.56461,                 1.3796,                0.68588,                 1.2682,              0.0084556,              0.0084556,              0.0084556
                     81,                  1.274,                0.72507,                 1.1786,                 0.8994,                0.84095,                0.91672,                0.56604,                 1.3789,                0.67635,                 1.2673,              0.0084358,              0.0084358,              0.0084358
                     82,                 1.2591,                  0.715,                 1.1698,                0.88258,                 0.8577,                0.91986,                0.56609,                 1.3743,                0.66761,                 1.2586,               0.008416,               0.008416,               0.008416
                     83,                 1.2612,                0.72669,                  1.171,                0.87676,                 0.8705,                0.92428,                 0.5663,                 1.3795,                0.66671,                 1.2596,              0.0083962,              0.0083962,              0.0083962
                     84,                 1.2629,                0.71439,                 1.1679,                0.88052,                0.86798,                0.92373,                0.56619,                 1.3764,                0.65869,                 1.2585,              0.0083764,              0.0083764,              0.0083764
                     85,                 1.2556,                0.72284,                 1.1645,                0.89581,                0.86204,                0.92254,                0.56622,                 1.3767,                0.65039,                 1.2562,              0.0083566,              0.0083566,              0.0083566
                     86,                 1.2616,                0.71655,                 1.1653,                0.88523,                0.86875,                0.92456,                0.56563,                 1.3856,                 0.6557,                  1.264,              0.0083368,              0.0083368,              0.0083368
                     87,                 1.2447,                0.70604,                 1.1637,                0.87533,                0.86393,                0.92289,                0.56896,                 1.3732,                 0.6606,                  1.261,               0.008317,               0.008317,               0.008317
                     88,                 1.2459,                0.70782,                 1.1588,                0.87784,                0.86487,                0.91822,                0.56827,                 1.3654,                0.65955,                 1.2542,              0.0082972,              0.0082972,              0.0082972
                     89,                 1.2551,                0.70255,                 1.1625,                0.88548,                0.86149,                0.91922,                0.56795,                  1.368,                0.65532,                 1.2551,              0.0082774,              0.0082774,              0.0082774
                     90,                  1.246,                0.70003,                 1.1578,                0.89417,                0.85713,                0.92354,                0.57177,                 1.3714,                0.65734,                 1.2598,              0.0082576,              0.0082576,              0.0082576
                     91,                 1.2609,                0.71467,                 1.1719,                0.89573,                0.84279,                0.92259,                0.57288,                 1.3711,                0.66416,                 1.2626,              0.0082378,              0.0082378,              0.0082378
                     92,                 1.2491,                0.70795,                 1.1661,                0.89358,                0.85626,                0.92209,                0.57292,                 1.3653,                0.66115,                  1.261,               0.008218,               0.008218,               0.008218
                     93,                   1.23,                0.70094,                 1.1525,                0.88782,                 0.8608,                0.92009,                0.57129,                 1.3705,                0.65679,                 1.2605,              0.0081982,              0.0081982,              0.0081982
                     94,                 1.2383,                0.69779,                 1.1551,                0.89433,                0.85785,                0.92467,                0.57557,                 1.3666,                0.65116,                 1.2563,              0.0081784,              0.0081784,              0.0081784
                     95,                 1.2404,                0.70307,                 1.1547,                0.86961,                0.87303,                0.92004,                 0.5722,                 1.3663,                0.66017,                 1.2557,              0.0081586,              0.0081586,              0.0081586
                     96,                  1.238,                0.69557,                 1.1536,                0.89625,                0.85086,                0.92136,                0.57271,                  1.371,                0.65087,                  1.256,              0.0081388,              0.0081388,              0.0081388
                     97,                 1.2295,                0.68816,                 1.1513,                0.89335,                 0.8584,                0.92123,                0.56989,                 1.3761,                0.65607,                 1.2634,               0.008119,               0.008119,               0.008119
                     98,                 1.2345,                0.69209,                  1.156,                0.88329,                0.86727,                0.92231,                0.57292,                 1.3707,                0.65236,                 1.2564,              0.0080992,              0.0080992,              0.0080992
                     99,                 1.2291,                0.68321,                 1.1535,                0.89832,                0.85514,                0.92206,                0.57277,                 1.3733,                0.65502,                 1.2616,              0.0080794,              0.0080794,              0.0080794
                    100,                 1.2279,                0.68572,                 1.1508,                0.89967,                0.86131,                0.92393,                0.57498,                  1.371,                0.65375,                 1.2593,              0.0080596,              0.0080596,              0.0080596
                    101,                 1.2263,                0.68412,                 1.1573,                0.90567,                0.86112,                0.92396,                0.57635,                 1.3685,                0.64473,                 1.2601,              0.0080398,              0.0080398,              0.0080398
                    102,                 1.2225,                 0.6926,                 1.1508,                0.88308,                0.87099,                0.92483,                0.57621,                 1.3694,                0.64232,                 1.2583,                0.00802,                0.00802,                0.00802
                    103,                 1.2172,                0.67926,                 1.1495,                0.90143,                0.85163,                0.92634,                0.57575,                 1.3714,                0.64078,                 1.2627,              0.0080002,              0.0080002,              0.0080002
                    104,                  1.218,                0.68423,                 1.1498,                0.89566,                 0.8638,                0.92796,                0.57966,                 1.3678,                0.63993,                 1.2572,              0.0079804,              0.0079804,              0.0079804
                    105,                 1.2177,                0.67344,                 1.1468,                0.88532,                0.86888,                0.92203,                0.57733,                 1.3705,                0.64288,                   1.26,              0.0079606,              0.0079606,              0.0079606
                    106,                 1.2229,                0.68228,                 1.1463,                0.89464,                0.86245,                0.92319,                0.57553,                 1.3672,                0.64386,                  1.259,              0.0079408,              0.0079408,              0.0079408
                    107,                 1.2147,                0.68265,                 1.1416,                0.89677,                0.85773,                 0.9222,                0.57653,                 1.3617,                 0.6433,                 1.2562,               0.007921,               0.007921,               0.007921
                    108,                 1.2246,                0.67843,                 1.1495,                0.90196,                0.85211,                0.92085,                0.57711,                 1.3626,                0.64462,                 1.2582,              0.0079012,              0.0079012,              0.0079012
                    109,                 1.2207,                 0.6803,                 1.1513,                0.89319,                0.86016,                0.92169,                0.57587,                 1.3667,                0.64762,                 1.2611,              0.0078814,              0.0078814,              0.0078814
                    110,                 1.2084,                0.67949,                 1.1415,                0.87538,                0.87938,                0.92301,                0.57393,                 1.3659,                0.64596,                 1.2626,              0.0078616,              0.0078616,              0.0078616
                    111,                 1.2105,                 0.6753,                 1.1428,                0.88711,                0.87087,                 0.9235,                 0.5747,                 1.3669,                 0.6422,                 1.2615,              0.0078418,              0.0078418,              0.0078418
                    112,                 1.1909,                 0.6707,                 1.1374,                0.88755,                0.87358,                0.92463,                 0.5761,                 1.3669,                0.63796,                 1.2605,               0.007822,               0.007822,               0.007822
                    113,                 1.2051,                0.67254,                 1.1474,                0.89298,                0.87011,                 0.9226,                0.57402,                 1.3669,                0.64271,                 1.2616,              0.0078022,              0.0078022,              0.0078022
                    114,                 1.2094,                0.67569,                 1.1469,                0.89556,                0.87111,                0.92168,                0.57456,                 1.3622,                0.64087,                 1.2582,              0.0077824,              0.0077824,              0.0077824
                    115,                 1.2052,                0.66349,                   1.14,                0.90433,                 0.8639,                0.92342,                0.57546,                 1.3641,                0.64077,                  1.257,              0.0077626,              0.0077626,              0.0077626
                    116,                 1.2023,                0.65953,                 1.1355,                0.90366,                0.86351,                0.92333,                0.57571,                 1.3616,                0.63673,                 1.2558,              0.0077428,              0.0077428,              0.0077428
                    117,                 1.1951,                0.66146,                 1.1314,                0.90089,                0.86579,                0.92257,                0.57691,                 1.3604,                0.63608,                 1.2546,               0.007723,               0.007723,               0.007723
                    118,                 1.2023,                0.65896,                 1.1379,                0.89668,                0.86833,                0.92227,                0.57785,                  1.358,                0.63884,                 1.2521,              0.0077032,              0.0077032,              0.0077032
                    119,                 1.1946,                0.66453,                  1.136,                 0.8965,                0.86307,                0.92063,                 0.5763,                 1.3576,                0.64054,                 1.2527,              0.0076834,              0.0076834,              0.0076834
                    120,                 1.1972,                0.65963,                 1.1397,                0.89714,                0.86526,                0.92089,                0.57668,                  1.359,                0.63971,                 1.2526,              0.0076636,              0.0076636,              0.0076636
                    121,                 1.1905,                0.65809,                 1.1332,                0.89621,                0.86329,                0.92099,                0.57557,                 1.3619,                0.63831,                 1.2552,              0.0076438,              0.0076438,              0.0076438
                    122,                 1.1886,                0.65649,                 1.1348,                0.89666,                0.85916,                0.92095,                0.57659,                 1.3626,                0.63847,                 1.2565,               0.007624,               0.007624,               0.007624
                    123,                 1.1904,                0.65893,                 1.1385,                0.89137,                0.86735,                 0.9205,                0.57619,                 1.3634,                 0.6396,                 1.2582,              0.0076042,              0.0076042,              0.0076042
                    124,                 1.1884,                0.65457,                 1.1314,                0.89086,                0.87111,                0.92071,                0.57598,                 1.3611,                0.63685,                 1.2567,              0.0075844,              0.0075844,              0.0075844
                    125,                 1.1903,                0.65091,                 1.1331,                0.89256,                0.87104,                0.92178,                0.57613,                 1.3583,                0.63226,                  1.257,              0.0075646,              0.0075646,              0.0075646
                    126,                 1.1822,                0.65123,                 1.1239,                  0.895,                0.86519,                0.92403,                0.57774,                 1.3616,                0.63502,                 1.2578,              0.0075448,              0.0075448,              0.0075448
                    127,                 1.1901,                0.66142,                 1.1294,                0.88981,                0.87244,                0.92342,                0.57767,                 1.3633,                0.63464,                 1.2586,               0.007525,               0.007525,               0.007525
                    128,                 1.1923,                0.65065,                 1.1338,                0.88555,                0.87562,                0.92379,                0.57913,                 1.3605,                0.63571,                 1.2585,              0.0075052,              0.0075052,              0.0075052
                    129,                 1.1803,                0.64538,                 1.1319,                0.88878,                0.87144,                0.92382,                0.57747,                 1.3612,                0.63589,                 1.2607,              0.0074854,              0.0074854,              0.0074854
                    130,                 1.1822,                0.64353,                 1.1295,                0.88583,                0.87843,                0.92512,                0.57838,                 1.3615,                0.63449,                 1.2623,              0.0074656,              0.0074656,              0.0074656
                    131,                 1.1764,                0.64548,                 1.1259,                0.88614,                0.87738,                0.92514,                0.57881,                 1.3603,                 0.6322,                  1.261,              0.0074458,              0.0074458,              0.0074458
                    132,                 1.1752,                0.64111,                 1.1253,                0.89308,                0.87321,                0.92554,                0.57928,                 1.3588,                 0.6291,                 1.2608,               0.007426,               0.007426,               0.007426
                    133,                   1.18,                0.64522,                  1.129,                0.89392,                0.87085,                0.92479,                0.57934,                 1.3584,                0.63121,                 1.2609,              0.0074062,              0.0074062,              0.0074062
                    134,                 1.1801,                0.65088,                 1.1304,                0.89617,                0.87439,                0.92501,                0.58026,                 1.3599,                0.63154,                 1.2618,              0.0073864,              0.0073864,              0.0073864
                    135,                 1.1765,                0.64006,                  1.125,                0.88894,                0.87635,                0.92499,                0.58053,                 1.3582,                0.63179,                 1.2603,              0.0073666,              0.0073666,              0.0073666
                    136,                  1.156,                0.63183,                 1.1194,                0.88856,                0.87232,                0.92467,                0.58258,                 1.3564,                0.63132,                 1.2595,              0.0073468,              0.0073468,              0.0073468
                    137,                 1.1675,                 0.6375,                  1.127,                0.89229,                0.87388,                0.92567,                0.58386,                 1.3561,                0.63285,                 1.2591,               0.007327,               0.007327,               0.007327
                    138,                 1.1653,                 0.6317,                 1.1208,                0.89627,                0.87424,                0.92583,                0.58393,                 1.3561,                0.63024,                 1.2594,              0.0073072,              0.0073072,              0.0073072
                    139,                  1.168,                0.63712,                 1.1293,                0.89272,                0.87436,                 0.9263,                0.58348,                 1.3566,                0.62777,                 1.2599,              0.0072874,              0.0072874,              0.0072874
                    140,                 1.1612,                0.63346,                 1.1174,                0.89606,                0.86665,                0.92614,                0.58371,                 1.3556,                0.62874,                 1.2597,              0.0072676,              0.0072676,              0.0072676
                    141,                 1.1654,                0.64066,                 1.1229,                0.89775,                 0.8658,                0.92675,                0.58373,                 1.3564,                0.62772,                 1.2594,              0.0072478,              0.0072478,              0.0072478
                    142,                 1.1596,                 0.6294,                 1.1213,                0.89478,                0.86705,                0.92609,                0.58309,                 1.3546,                0.62676,                 1.2591,               0.007228,               0.007228,               0.007228
                    143,                 1.1574,                0.63577,                  1.117,                0.89346,                0.86754,                0.92649,                0.58438,                 1.3535,                0.62766,                 1.2584,              0.0072082,              0.0072082,              0.0072082
                    144,                 1.1542,                0.63538,                 1.1213,                0.88888,                0.87037,                0.92585,                0.58447,                 1.3531,                0.62873,                 1.2584,              0.0071884,              0.0071884,              0.0071884
                    145,                 1.1468,                0.62997,                 1.1077,                0.89103,                 0.8677,                0.92577,                0.58586,                 1.3517,                0.62882,                 1.2577,              0.0071686,              0.0071686,              0.0071686
                    146,                 1.1623,                0.63369,                 1.1151,                0.88982,                0.86886,                0.92581,                0.58539,                 1.3509,                0.62693,                  1.257,              0.0071488,              0.0071488,              0.0071488
                    147,                 1.1517,                0.62656,                 1.1118,                0.89263,                0.87002,                0.92734,                0.58534,                 1.3507,                  0.624,                 1.2569,               0.007129,               0.007129,               0.007129
                    148,                 1.1451,                0.62243,                 1.1121,                 0.8929,                0.86833,                0.92669,                0.58483,                 1.3504,                0.62421,                 1.2577,              0.0071092,              0.0071092,              0.0071092
                    149,                 1.1536,                0.62843,                 1.1147,                0.88875,                0.87502,                0.92749,                0.58603,                   1.35,                0.62173,                 1.2567,              0.0070894,              0.0070894,              0.0070894
                    150,                 1.1525,                0.62956,                 1.1134,                0.89025,                0.87318,                0.92792,                0.58512,                   1.35,                0.62052,                 1.2566,              0.0070696,              0.0070696,              0.0070696
                    151,                 1.1462,                0.62853,                 1.1119,                0.88918,                0.87669,                0.92747,                0.58557,                 1.3507,                0.62143,                  1.258,              0.0070498,              0.0070498,              0.0070498
                    152,                 1.1458,                 0.6189,                 1.1098,                0.88762,                0.87833,                0.92736,                 0.5855,                 1.3519,                0.62139,                 1.2588,                0.00703,                0.00703,                0.00703
                    153,                 1.1453,                 0.6177,                  1.107,                0.88783,                0.87726,                0.92676,                0.58571,                 1.3516,                0.62198,                 1.2588,              0.0070102,              0.0070102,              0.0070102
                    154,                 1.1587,                0.62168,                 1.1145,                0.88857,                0.87569,                0.92711,                 0.5858,                 1.3523,                0.62273,                 1.2588,              0.0069904,              0.0069904,              0.0069904
                    155,                 1.1458,                0.62149,                 1.1127,                0.89001,                0.87743,                0.92572,                0.58599,                 1.3526,                0.62195,                 1.2588,              0.0069706,              0.0069706,              0.0069706
                    156,                 1.1424,                0.62494,                 1.1094,                0.89192,                0.87755,                0.92599,                0.58502,                 1.3533,                0.62178,                 1.2594,              0.0069508,              0.0069508,              0.0069508
                    157,                 1.1377,                0.61898,                 1.1044,                 0.8942,                0.87729,                0.92633,                0.58491,                 1.3532,                0.62371,                 1.2592,               0.006931,               0.006931,               0.006931
                    158,                 1.1477,                0.62349,                 1.1068,                0.89186,                0.87787,                0.92652,                0.58422,                  1.354,                0.62416,                 1.2595,              0.0069112,              0.0069112,              0.0069112
                    159,                 1.1374,                0.60925,                 1.1062,                0.89096,                0.87873,                0.92602,                0.58411,                 1.3544,                0.62323,                 1.2597,              0.0068914,              0.0068914,              0.0068914
                    160,                 1.1462,                0.61787,                 1.1091,                0.88956,                0.87814,                0.92576,                0.58419,                 1.3541,                0.62408,                 1.2602,              0.0068716,              0.0068716,              0.0068716
                    161,                 1.1344,                0.61505,                   1.11,                0.89006,                0.87706,                 0.9254,                0.58501,                  1.353,                0.62326,                 1.2599,              0.0068518,              0.0068518,              0.0068518
                    162,                  1.136,                0.60673,                  1.107,                0.88968,                 0.8789,                0.92588,                0.58566,                 1.3526,                0.62218,                 1.2596,               0.006832,               0.006832,               0.006832
                    163,                 1.1371,                0.61832,                 1.1069,                0.88896,                0.88084,                0.92591,                0.58504,                 1.3522,                0.62175,                 1.2597,              0.0068122,              0.0068122,              0.0068122
                    164,                 1.1322,                0.61448,                  1.103,                0.88651,                0.88271,                0.92582,                0.58483,                 1.3523,                0.62223,                 1.2602,              0.0067924,              0.0067924,              0.0067924
                    165,                 1.1325,                0.61722,                 1.1043,                 0.8889,                0.88139,                0.92564,                  0.585,                 1.3516,                0.62178,                 1.2598,              0.0067726,              0.0067726,              0.0067726
                    166,                 1.1357,                0.60843,                 1.1034,                0.88706,                0.88238,                0.92577,                0.58479,                 1.3512,                0.62185,                   1.26,              0.0067528,              0.0067528,              0.0067528
                    167,                  1.132,                0.61173,                 1.1011,                0.88632,                0.88392,                0.92589,                0.58464,                 1.3512,                0.62059,                 1.2598,               0.006733,               0.006733,               0.006733
                    168,                 1.1264,                0.60555,                 1.0947,                0.88583,                0.88274,                0.92569,                0.58399,                  1.351,                0.62001,                 1.2598,              0.0067132,              0.0067132,              0.0067132
                    169,                 1.1224,                0.60317,                 1.0978,                0.88261,                 0.8833,                0.92513,                0.58361,                 1.3508,                0.61974,                 1.2598,              0.0066934,              0.0066934,              0.0066934
                    170,                 1.1233,                0.60612,                 1.0995,                 0.8853,                 0.8821,                0.92559,                0.58405,                 1.3504,                0.62017,                 1.2601,              0.0066736,              0.0066736,              0.0066736
                    171,                 1.1231,                 0.6034,                 1.0987,                0.88379,                0.88573,                0.92527,                0.58443,                 1.3509,                 0.6213,                 1.2603,              0.0066538,              0.0066538,              0.0066538
                    172,                 1.1222,                0.60846,                 1.0978,                0.88331,                0.88584,                0.92514,                0.58438,                 1.3514,                0.62196,                 1.2605,               0.006634,               0.006634,               0.006634
                    173,                 1.1211,                0.60645,                  1.096,                0.88489,                0.88237,                0.92507,                 0.5844,                 1.3512,                0.62217,                 1.2605,              0.0066142,              0.0066142,              0.0066142
                    174,                 1.1226,                0.60352,                 1.0965,                0.88506,                0.88211,                0.92462,                0.58487,                 1.3516,                0.62243,                  1.261,              0.0065944,              0.0065944,              0.0065944
                    175,                 1.1234,                0.60089,                 1.0989,                0.88681,                0.88431,                0.92462,                0.58494,                 1.3521,                0.62275,                 1.2616,              0.0065746,              0.0065746,              0.0065746
                    176,                  1.111,                0.60267,                 1.0967,                 0.8863,                0.88397,                0.92433,                0.58493,                 1.3518,                0.62351,                 1.2618,              0.0065548,              0.0065548,              0.0065548
                    177,                  1.128,                0.59887,                  1.099,                0.88648,                0.88425,                0.92428,                0.58437,                 1.3519,                0.62405,                 1.2623,               0.006535,               0.006535,               0.006535
                    178,                 1.1141,                0.59711,                 1.0952,                0.88392,                0.88426,                0.92389,                0.58414,                 1.3518,                 0.6242,                 1.2627,              0.0065152,              0.0065152,              0.0065152
                    179,                 1.1166,                0.61051,                 1.0986,                0.88784,                0.87969,                0.92373,                0.58457,                 1.3519,                0.62502,                 1.2629,              0.0064954,              0.0064954,              0.0064954
                    180,                 1.1095,                0.58457,                 1.0895,                0.88967,                 0.8783,                0.92364,                 0.5846,                  1.352,                0.62484,                 1.2628,              0.0064756,              0.0064756,              0.0064756
                    181,                 1.1105,                0.60161,                  1.091,                0.88936,                0.87887,                0.92366,                 0.5848,                 1.3522,                0.62484,                 1.2629,              0.0064558,              0.0064558,              0.0064558
                    182,                 1.1086,                0.59546,                 1.0939,                0.88453,                0.88428,                0.92367,                0.58488,                 1.3521,                0.62473,                 1.2629,               0.006436,               0.006436,               0.006436
                    183,                 1.1062,                0.59248,                   1.09,                0.88786,                0.87925,                0.92302,                0.58385,                 1.3522,                0.62438,                  1.263,              0.0064162,              0.0064162,              0.0064162
                    184,                 1.1118,                0.59118,                 1.0923,                0.88592,                0.88336,                0.92291,                0.58356,                 1.3523,                 0.6242,                 1.2629,              0.0063964,              0.0063964,              0.0063964
                    185,                 1.1082,                0.59382,                 1.0911,                0.88658,                0.88279,                0.92304,                0.58351,                  1.352,                0.62415,                 1.2632,              0.0063766,              0.0063766,              0.0063766
                    186,                 1.1074,                0.59104,                 1.0886,                0.88581,                0.88209,                0.92317,                 0.5841,                 1.3524,                0.62417,                 1.2634,              0.0063568,              0.0063568,              0.0063568
                    187,                 1.1025,                0.59436,                 1.0834,                0.89089,                0.87748,                0.92339,                0.58435,                 1.3521,                0.62399,                 1.2632,               0.006337,               0.006337,               0.006337
                    188,                 1.1044,                0.59654,                  1.086,                0.89046,                0.87678,                0.92322,                0.58405,                 1.3517,                 0.6243,                  1.263,              0.0063172,              0.0063172,              0.0063172
                    189,                 1.1022,                0.59435,                 1.0919,                 0.8898,                0.87688,                 0.9234,                0.58424,                 1.3514,                0.62397,                 1.2633,              0.0062974,              0.0062974,              0.0062974
                    190,                 1.1057,                0.59138,                 1.0913,                0.88827,                0.87983,                0.92362,                0.58405,                 1.3512,                0.62363,                 1.2632,              0.0062776,              0.0062776,              0.0062776
                    191,                 1.0985,                0.58613,                 1.0889,                0.88872,                0.87967,                0.92356,                0.58475,                 1.3512,                0.62352,                 1.2633,              0.0062578,              0.0062578,              0.0062578
                    192,                 1.1009,                0.58412,                 1.0893,                0.89115,                0.87702,                0.92385,                0.58422,                 1.3512,                0.62357,                 1.2635,               0.006238,               0.006238,               0.006238
                    193,                 1.0958,                0.58473,                 1.0839,                0.89122,                 0.8757,                0.92369,                0.58467,                 1.3508,                0.62446,                 1.2633,              0.0062182,              0.0062182,              0.0062182
                    194,                 1.1011,                0.58671,                 1.0831,                0.89144,                0.87554,                0.92383,                0.58464,                 1.3502,                0.62418,                 1.2629,              0.0061984,              0.0061984,              0.0061984
                    195,                 1.0938,                0.58086,                 1.0839,                0.89107,                0.87658,                0.92376,                0.58549,                 1.3502,                0.62399,                 1.2629,              0.0061786,              0.0061786,              0.0061786
                    196,                 1.0937,                0.58268,                 1.0854,                0.89379,                0.87615,                0.92381,                  0.585,                 1.3502,                 0.6238,                 1.2628,              0.0061588,              0.0061588,              0.0061588
                    197,                 1.0986,                 0.5843,                 1.0877,                 0.8937,                0.87669,                0.92376,                0.58468,                 1.3499,                0.62367,                 1.2629,               0.006139,               0.006139,               0.006139
                    198,                 1.0971,                0.59098,                  1.086,                0.89413,                0.87726,                0.92373,                0.58432,                 1.3499,                0.62358,                 1.2631,              0.0061192,              0.0061192,              0.0061192
                    199,                 1.0905,                0.58051,                 1.0801,                0.89572,                0.87393,                  0.924,                0.58412,                 1.3495,                0.62452,                 1.2632,              0.0060994,              0.0060994,              0.0060994
